{"cameraMode":{"drawMode":0,"name":"Shaded","section":"Shading Mode"},"sceneLighting":false,"audioPlay":false,"sceneViewState":{"showFog":false,"showMaterialUpdate":false,"showSkybox":false,"showFlares":false,"showImageEffects":false,"showParticleSystems":true},"in2DMode":false,"pivot":{"x":5.960464477539063e-8,"y":0.5,"z":0.49999988079071047},"rotation":{"x":0.15704715251922608,"y":-0.6035945415496826,"z":0.12279272079467774,"w":0.7719689011573792},"size":3.702227830886841,"orthographic":true}