{"cameraMode":{"drawMode":0,"name":"Shaded","section":"Shading Mode"},"sceneLighting":false,"audioPlay":false,"sceneViewState":{"showFog":false,"showMaterialUpdate":false,"showSkybox":false,"showFlares":false,"showImageEffects":false,"showParticleSystems":true},"in2DMode":false,"pivot":{"x":-0.022971853613853456,"y":-0.49968576431274416,"z":0.687804102897644},"rotation":{"x":0.7829548716545105,"y":0.0009333647321909666,"z":-0.0011744662187993527,"w":0.6220818161964417},"size":6.1196675300598148,"orthographic":false}