{"cameraMode":{"drawMode":0,"name":"Shaded","section":"Shading Mode"},"sceneLighting":true,"audioPlay":false,"sceneViewState":{"showFog":true,"showMaterialUpdate":false,"showSkybox":true,"showFlares":true,"showImageEffects":true,"showParticleSystems":true},"in2DMode":false,"pivot":{"x":-4.087198734283447,"y":27.986499786376954,"z":0.8224092721939087},"rotation":{"x":0.7667821645736694,"y":-0.007701967842876911,"z":0.009201842360198498,"w":0.6417968273162842},"size":40.5941047668457,"orthographic":true}